,event_id,case_type,time,centroid_lat,centroid_lon,speed_kmh,direction_deg,major_axis_km,minor_axis_km,orientation_deg,age,cell_volume,cell_top,projected_area,mean_area,max_dbz,height_max_dbz,VIL,storm_intensity,hail_mass,hail_mass_aloft,reflectivity_threshold,hail_probability_pct
0,57,history,2025-11-23 23:07:00,-27.5537,154.8037,51.631,36.8676,23.0967,14.8454,102.587,7362.0,7715.25,14.875,1077.19,571.5,67.5,3.25,150.4,4.0,7.30937,157.173,35.0,100.0
1,57,history,2025-11-23 23:12:00,-27.5201,154.8208,52.9453,28.8001,22.7331,14.6496,99.3473,7362.0,7378.17,14.875,1046.25,546.531,65.46,2.5,118.908,4.0,5.44472,147.55,35.0,100.0
2,57,history,2025-11-23 23:17:00,-27.4808,154.8281,51.8807,24.2232,21.4194,15.3642,100.281,7362.0,7435.12,15.625,1033.88,521.763,64.988,1.75,117.183,3.0,5.37144,138.728,35.0,100.0
3,57,history,2025-11-23 23:22:00,-27.4493,154.8383,49.2102,19.1952,20.9452,14.5324,99.9029,7362.0,7297.59,16.375,956.25,486.506,65.55,5.5,132.803,4.0,6.0966,145.536,35.0,100.0
4,57,history,2025-11-23 23:27:00,-27.4138,154.8328,47.0484,9.11177,18.7002,14.5823,130.6,7362.0,7283.67,16.375,856.688,485.578,68.5,5.5,156.428,4.0,7.49749,172.664,35.0,100.0
5,57,history,2025-11-23 23:32:00,-27.377,154.8492,47.6766,9.75521,17.9517,15.1006,129.502,7362.0,7166.81,16.375,851.625,477.788,67.5,1.75,169.617,4.0,8.37231,172.451,35.0,100.0
6,57,history,2025-11-23 23:37:00,-27.3384,154.8594,49.5232,12.2522,18.3015,14.7239,147.678,7362.0,6612.47,16.375,846.562,440.831,67.5,5.5,153.264,4.0,7.47795,153.434,35.0,100.0
7,57,history,2025-11-23 23:42:00,-27.3067,154.8782,50.0311,17.967,18.6477,14.3545,142.146,7362.0,6262.31,15.625,840.938,439.461,66.5,5.5,140.961,4.0,6.74402,130.237,35.0,100.0
8,57,history,2025-11-23 23:47:00,-27.2664,154.8903,39.2019,26.4482,18.8117,14.8956,147.742,7362.0,5931.14,15.625,880.312,416.22,66.0,5.5,146.348,4.0,6.99031,130.486,35.0,100.0
9,57,history,2025-11-23 23:52:00,-27.2333,154.9067,46.8126,28.6894,18.4335,14.8613,149.347,7362.0,5291.58,16.375,860.625,352.772,68.5,5.5,190.727,4.0,9.61391,171.488,35.0,100.0
10,110,history,2025-11-23 23:57:00,-27.1921,154.9168,46.526,33.4404,17.7613,14.1434,125.96,6368.0,4774.78,16.375,789.188,318.319,71.5,6.25,239.955,4.0,13.0406,176.07,35.0,100.0
11,110,history,2025-11-24 00:02:00,-27.1523,154.9291,42.3847,37.7668,16.9171,13.9285,126.052,6368.0,4664.25,15.625,740.25,327.316,68.5,2.5,201.706,4.0,10.3385,141.323,35.0,100.0
12,110,current,2025-11-24 00:07:00,-27.1104,154.9347,37.4979,38.4298,15.6329,14.2251,152.708,6368.0,4543.17,15.625,698.625,336.531,67.5,6.25,207.591,4.0,10.5132,148.468,35.0,100.0
13,110,forecast,2025-11-24 00:12:00,-27.0884,154.9544,37.4979,38.4298,15.1258,13.7636,152.708,6368.0,4543.17,15.625,698.625,336.531,67.5,6.25,207.591,4.0,10.5132,148.468,35.0,100.0
14,110,forecast,2025-11-24 00:17:00,-27.0664,154.974,37.4979,38.4298,14.6011,13.2862,152.708,6368.0,4543.17,15.625,698.625,336.531,67.5,6.25,207.591,4.0,10.5132,148.468,35.0,100.0
15,110,forecast,2025-11-24 00:22:00,-27.0444,154.9936,37.4979,38.4298,14.0569,12.791,152.708,6368.0,4543.17,15.625,698.625,336.531,67.5,6.25,207.591,4.0,10.5132,148.468,35.0,100.0
16,110,forecast,2025-11-24 00:27:00,-27.0223,155.0132,37.4979,38.4298,13.4907,12.2758,152.708,6368.0,4543.17,15.625,698.625,336.531,67.5,6.25,207.591,4.0,10.5132,148.468,35.0,100.0
17,110,forecast,2025-11-24 00:32:00,-27.0003,155.0328,37.4979,38.4298,12.8997,11.738,152.708,6368.0,4543.17,15.625,698.625,336.531,67.5,6.25,207.591,4.0,10.5132,148.468,35.0,100.0
18,110,forecast,2025-11-24 00:37:00,-26.9783,155.0523,37.4979,38.4298,12.2802,11.1743,152.708,6368.0,4543.17,15.625,698.625,336.531,67.5,6.25,207.591,4.0,10.5132,148.468,35.0,100.0
19,113,history,2025-11-23 23:57:00,-27.3791,154.9665,45.9236,37.4553,5.54009,1.38971,158.059,5710.0,52.7344,5.125,24.1875,17.5781,42.016,3.25,2.28347,0.0,0.0,0.0,35.0,0.0
20,64,history,2025-11-23 23:07:00,-28.1868,154.2103,52.3397,46.9264,14.5564,10.8244,116.112,7420.0,3377.11,14.125,495.0,250.156,67.5,3.25,161.034,4.0,8.08535,53.5641,35.0,100.0
21,65,history,2025-11-23 23:07:00,-28.5913,154.0137,50.9194,60.8418,8.85159,3.05442,43.2986,7800.0,510.047,11.125,84.9375,52.3125,59.844,4.0,48.6351,3.0,1.89426,5.52982,35.0,100.0
22,68,history,2025-11-23 23:07:00,-28.7063,153.8593,50.8263,64.676,13.731,6.58509,22.9716,7800.0,1686.66,13.375,284.062,132.287,60.888,1.75,62.0791,3.0,2.44102,6.93106,35.0,100.0
23,71,history,2025-11-23 23:07:00,-28.7677,153.7237,45.266,69.8459,2.56626,1.74427,58.1541,7800.0,33.3281,5.125,14.0625,8.8875,42.096,2.5,2.50924,0.0,0.0,0.0,35.0,0.0
24,73,history,2025-11-23 23:07:00,-28.9749,153.7627,56.8663,58.8922,4.93645,3.08302,33.3825,5700.0,158.625,7.375,47.8125,26.4375,52.536,1.75,10.1236,2.0,0.26821,0.0,35.0,0.0
25,73,history,2025-11-23 23:12:00,-28.9472,153.8185,71.6918,56.8831,5.21049,1.6838,43.6704,5700.0,72.5625,5.875,27.5625,16.125,46.344,1.75,4.66794,0.0,0.0939955,0.0,35.0,0.0
26,73,history,2025-11-23 23:17:00,-28.9353,153.8577,65.0696,60.6135,3.46711,1.13613,49.4417,5700.0,31.2188,5.125,12.375,8.325,44.582,1.75,3.33859,0.0,0.0,0.0,35.0,0.0
27,74,history,2025-11-23 23:07:00,-28.8972,153.6808,56.5425,58.8084,12.3978,6.35451,89.0884,6492.0,1166.48,10.375,247.5,129.609,60.54,3.25,47.1972,3.0,1.87036,4.5482,35.0,80.0
28,75,history,2025-11-23 23:07:00,-28.9883,153.6203,57.6841,59.6463,4.07668,1.18585,62.7473,5100.0,41.7656,5.875,15.1875,9.28125,44.88,2.5,4.02979,0.0,0.0,0.0,35.0,0.0
29,76,history,2025-11-23 23:07:00,-28.5042,154.2269,52.6337,52.8038,8.58172,3.85985,50.8104,7344.0,352.266,6.625,104.062,67.0982,49.056,1.75,6.97681,2.0,0.158348,0.0,35.0,0.0
30,77,history,2025-11-23 23:07:00,-28.4458,154.1781,52.6212,52.4431,8.06095,2.33225,37.29,7353.0,160.312,5.875,59.0625,35.625,45.924,1.75,4.59375,0.0,0.0590576,0.0,35.0,0.0
31,80,history,2025-11-23 23:12:00,-28.6501,153.9471,57.4712,60.1112,19.6139,6.40836,40.5758,8100.0,2603.81,12.625,394.875,216.984,65.106,1.75,96.9193,4.0,4.37563,25.9388,35.0,100.0
32,81,history,2025-11-23 23:12:00,-28.472,154.2286,38.7094,49.0836,8.38924,6.55222,32.7385,8100.0,604.125,7.375,172.688,100.688,50.592,1.75,9.64728,2.0,0.254524,0.0,35.0,0.0
33,82,history,2025-11-23 23:12:00,-28.1425,154.2165,54.464,39.0557,13.7493,10.8997,135.773,8400.0,3175.03,14.125,470.812,235.188,69.0,4.75,197.843,4.0,10.1759,58.2057,35.0,100.0
34,82,history,2025-11-23 23:17:00,-28.0943,154.2407,55.5537,34.8332,13.7818,9.91267,121.08,8400.0,3019.78,14.125,429.188,223.688,70.0,7.0,239.431,4.0,12.8422,87.6751,35.0,100.0
35,83,history,2025-11-23 23:12:00,-28.8573,153.7156,59.042,55.215,11.2654,7.86739,65.6,10500.0,1293.05,12.625,278.438,114.938,59.088,3.25,39.6702,3.0,1.43456,1.0424,35.0,90.0
36,83,history,2025-11-23 23:17:00,-28.8319,153.74,54.1373,52.2962,12.1515,6.58645,46.2524,10500.0,1195.17,10.375,251.438,132.797,57.828,1.75,31.866,3.0,1.11785,1.27695,35.0,70.0
37,83,history,2025-11-23 23:22:00,-28.8046,153.7718,50.2092,48.1346,13.5555,4.70226,42.3823,10500.0,1009.55,10.375,200.25,112.172,59.95,4.0,43.5089,3.0,1.68526,3.3176,35.0,80.0
38,83,history,2025-11-23 23:27:00,-28.7844,153.8065,49.486,46.9841,13.9893,4.33887,43.8345,10500.0,1007.44,11.125,190.688,103.327,61.108,1.75,47.2538,3.0,1.86363,2.84914,35.0,90.0
39,83,history,2025-11-23 23:32:00,-28.7604,153.8425,50.0425,51.0716,13.6312,4.15074,45.9649,10500.0,1024.31,11.875,177.75,97.5536,60.54,3.25,45.1958,3.0,1.70563,2.98431,35.0,90.0
40,83,history,2025-11-23 23:37:00,-28.7389,153.882,52.0313,54.7527,12.4427,4.67671,44.7355,10500.0,1103.2,11.875,182.812,105.067,58.104,3.25,37.2697,3.0,1.31747,2.8236,35.0,90.0
41,83,history,2025-11-23 23:42:00,-28.7127,153.9233,54.8348,55.7455,12.1707,4.63413,42.9688,10500.0,1003.64,11.875,177.188,95.5848,59.62,2.5,40.7294,3.0,1.47312,2.74359,35.0,80.0
42,83,history,2025-11-23 23:47:00,-28.6802,153.9719,54.6918,56.7802,10.3093,4.93243,38.9197,10500.0,960.609,12.625,159.75,85.3875,61.896,3.25,70.0221,3.0,2.93091,8.71832,35.0,100.0
43,83,history,2025-11-23 23:52:00,-28.6514,154.0183,57.622,55.9582,10.7253,4.95814,36.8077,10500.0,977.906,12.625,167.062,86.925,61.46,1.75,55.534,3.0,2.19286,2.96004,35.0,100.0
44,84,history,2025-11-23 23:12:00,-28.1897,154.4036,54.0663,38.0014,4.77788,2.211,30.054,8400.0,118.547,7.375,33.1875,19.7578,50.592,1.75,9.62004,2.0,0.237248,0.0,35.0,0.0
45,84,history,2025-11-23 23:17:00,-28.172,154.4349,52.3115,35.7884,3.24288,1.87724,40.4585,8400.0,51.8906,5.875,19.125,11.5312,46.014,1.75,4.20675,0.0,0.059881,0.0,35.0,0.0
46,86,history,2025-11-23 23:17:00,-28.5812,154.0636,50.5284,58.6658,29.4338,7.20849,48.2164,9900.0,3507.47,11.875,666.562,311.775,63.556,2.5,73.8348,3.0,3.19726,15.3982,35.0,100.0
47,86,history,2025-11-23 23:22:00,-28.56,154.0941,48.3613,57.3829,29.9092,7.69257,45.6938,9900.0,3564.84,11.875,722.812,316.875,65.55,4.0,91.3246,4.0,4.07358,17.1474,35.0,100.0
48,86,history,2025-11-23 23:27:00,-28.535,154.138,50.6774,56.7109,26.8154,7.75879,42.6215,9900.0,3449.67,14.125,653.625,255.531,63.924,1.75,84.5011,3.0,3.56629,11.4219,35.0,100.0
49,86,history,2025-11-23 23:32:00,-28.5151,154.1834,54.2702,58.7362,25.8928,6.99801,40.2534,9900.0,3180.09,13.375,569.25,249.419,62.976,1.75,75.3228,3.0,3.13915,17.656,35.0,100.0
50,86,history,2025-11-23 23:37:00,-28.4992,154.2195,54.7637,60.9671,26.3573,6.30405,39.5354,9900.0,2881.83,13.375,522.0,240.152,61.584,4.0,67.9559,3.0,2.75801,13.6737,35.0,100.0
51,86,history,2025-11-23 23:42:00,-28.4817,154.2517,51.1968,61.776,25.0554,5.75263,39.1903,9900.0,2591.58,13.375,452.812,215.965,61.34,1.75,53.2331,3.0,2.06802,10.8218,35.0,100.0
52,88,history,2025-11-23 23:22:00,-28.0434,154.2662,58.9057,30.9305,12.8459,10.4816,105.791,7569.0,2890.69,13.375,423.0,226.721,68.0,4.75,159.347,4.0,8.06781,45.0997,35.0,100.0
53,88,history,2025-11-23 23:27:00,-28.0092,154.2893,57.6784,31.5267,12.8236,10.1228,92.7818,7569.0,2716.03,13.375,407.812,213.022,64.98,4.75,113.045,3.0,5.26702,27.3689,35.0,100.0
54,88,history,2025-11-23 23:32:00,-27.9765,154.3072,54.3139,33.6336,13.9146,9.56074,96.9691,7569.0,2607.61,13.375,417.938,204.518,63.672,3.25,91.8369,3.0,4.07475,14.8301,35.0,100.0
55,88,history,2025-11-23 23:37:00,-27.9402,154.3282,51.968,34.8405,13.0412,9.72052,92.0837,7569.0,2362.5,11.875,398.25,210.0,62.628,1.0,73.6356,3.0,3.16956,6.86655,35.0,80.0
56,88,history,2025-11-23 23:42:00,-27.9112,154.3548,46.6554,34.7633,13.5835,8.92377,100.354,7569.0,1995.89,12.625,380.812,166.324,61.34,3.25,56.867,3.0,2.21954,6.9012,35.0,80.0
57,88,history,2025-11-23 23:47:00,-27.8834,154.3893,37.6687,39.4098,13.6168,8.75734,103.865,7569.0,1572.33,10.375,374.625,161.264,60.528,3.25,43.7697,3.0,1.70814,5.06912,35.0,80.0
58,88,history,2025-11-23 23:52:00,-27.8484,154.4138,47.7568,42.7228,13.0255,7.38163,100.038,7569.0,1372.78,11.125,302.062,130.741,60.052,4.75,45.7807,3.0,1.74557,4.3521,35.0,90.0
59,89,history,2025-11-23 23:22:00,-28.1791,154.3495,57.6648,33.6049,2.71147,1.58482,24.7336,8700.0,35.4375,5.875,13.5,7.875,43.15,1.75,3.18075,0.0,0.0,0.0,35.0,0.0
60,97,history,2025-11-23 23:47:00,-28.617,154.1125,49.2542,60.423,4.3689,2.41798,40.8392,10500.0,105.469,6.625,33.1875,20.0893,48.9,2.5,7.19259,2.0,0.177749,0.0,35.0,0.0
61,97,history,2025-11-23 23:52:00,-28.6022,154.1455,47.3036,60.1792,3.22929,2.10692,21.2163,10500.0,51.8906,5.875,21.375,11.5312,42.452,1.75,2.99073,0.0,0.0,0.0,35.0,0.0
62,98,history,2025-11-23 23:47:00,-28.4468,154.3047,49.2542,60.423,21.2062,5.82585,34.8721,10200.0,2213.16,11.875,388.125,210.777,59.844,1.75,41.7382,3.0,1.53806,6.19245,35.0,90.0
63,103,history,2025-11-23 23:52:00,-28.5424,154.2698,52.2902,57.4596,7.78965,3.72366,28.795,11400.0,348.047,6.625,91.125,66.2946,51.604,1.75,9.88111,2.0,0.267363,0.0,35.0,0.0
64,103,history,2025-11-23 23:57:00,-28.5117,154.3171,59.2036,55.398,6.51497,3.24296,25.0709,11400.0,249.328,7.375,66.375,41.5547,52.572,3.25,11.9537,2.0,0.341224,0.0,35.0,0.0
65,103,history,2025-11-24 00:02:00,-28.497,154.3529,58.3929,57.0772,5.61739,2.7093,35.7245,11400.0,174.234,6.625,47.8125,33.1875,53.012,2.5,12.088,2.0,0.352918,0.0,35.0,0.0
66,103,current,2025-11-24 00:07:00,-28.4711,154.405,60.4388,59.4273,5.70106,3.67454,31.1984,11400.0,255.656,7.375,65.8125,42.6094,49.404,1.75,8.87379,2.0,0.219568,0.0,35.0,0.0
67,103,forecast,2025-11-24 00:12:00,-28.4481,154.4494,60.4388,59.4273,5.22827,3.36981,31.1984,11400.0,255.656,7.375,65.8125,42.6094,49.404,1.75,8.87379,2.0,0.219568,0.0,35.0,0.0
68,103,forecast,2025-11-24 00:17:00,-28.425,154.4937,60.4388,59.4273,4.70825,3.03464,31.1984,11400.0,255.656,7.375,65.8125,42.6094,49.404,1.75,8.87379,2.0,0.219568,0.0,35.0,0.0
69,103,forecast,2025-11-24 00:22:00,-28.402,154.538,60.4388,59.4273,4.12315,2.65752,31.1984,11400.0,255.656,7.375,65.8125,42.6094,49.404,1.75,8.87379,2.0,0.219568,0.0,35.0,0.0
70,103,forecast,2025-11-24 00:27:00,-28.3789,154.5823,60.4388,59.4273,3.43994,2.21717,31.1984,11400.0,255.656,7.375,65.8125,42.6094,49.404,1.75,8.87379,2.0,0.219568,0.0,35.0,0.0
71,103,forecast,2025-11-24 00:32:00,-28.3558,154.6266,60.4388,59.4273,2.58185,1.6641,31.1984,11400.0,255.656,7.375,65.8125,42.6094,49.404,1.75,8.87379,2.0,0.219568,0.0,35.0,0.0
72,103,forecast,2025-11-24 00:37:00,-28.3327,154.6708,60.4388,59.4273,1.22422,0.789056,31.1984,11400.0,255.656,7.375,65.8125,42.6094,49.404,1.75,8.87379,2.0,0.219568,0.0,35.0,0.0
73,104,history,2025-11-23 23:52:00,-28.3765,154.3736,52.2902,57.4596,13.5189,6.07916,49.1324,11400.0,1548.7,11.125,258.188,158.841,58.996,3.25,33.7262,3.0,1.1915,2.80951,35.0,80.0
74,104,history,2025-11-23 23:57:00,-28.3534,154.4152,56.0362,56.7202,12.3102,6.0652,51.3744,11400.0,1381.22,11.125,234.562,141.663,57.668,1.75,29.1917,3.0,0.967317,0.651561,35.0,70.0
75,104,history,2025-11-24 00:02:00,-28.327,154.4564,58.6015,56.0837,12.5848,6.01821,50.8243,11400.0,1201.92,9.625,237.938,145.688,55.476,2.5,21.7545,2.0,0.680464,0.154134,35.0,50.0
76,104,current,2025-11-24 00:07:00,-28.3136,154.4779,51.1698,55.7681,12.4532,6.05303,49.6986,11400.0,1223.86,9.625,236.812,148.347,54.972,2.5,24.4712,2.0,0.811247,1.10316,35.0,80.0
77,104,forecast,2025-11-24 00:12:00,-28.2921,154.5139,51.1698,55.7681,11.9084,5.78818,49.6986,11400.0,1223.86,9.625,236.812,148.347,54.972,2.5,24.4712,2.0,0.811247,1.10316,35.0,80.0
78,104,forecast,2025-11-24 00:17:00,-28.2705,154.5499,51.1698,55.7681,11.3373,5.51063,49.6986,11400.0,1223.86,9.625,236.812,148.347,54.972,2.5,24.4712,2.0,0.811247,1.10316,35.0,80.0
79,104,forecast,2025-11-24 00:22:00,-28.2489,154.5859,51.1698,55.7681,10.736,5.21833,49.6986,11400.0,1223.86,9.625,236.812,148.347,54.972,2.5,24.4712,2.0,0.811247,1.10316,35.0,80.0
80,104,forecast,2025-11-24 00:27:00,-28.2273,154.6218,51.1698,55.7681,10.0989,4.90865,49.6986,11400.0,1223.86,9.625,236.812,148.347,54.972,2.5,24.4712,2.0,0.811247,1.10316,35.0,80.0
81,104,forecast,2025-11-24 00:32:00,-28.2057,154.6578,51.1698,55.7681,9.41875,4.57808,49.6986,11400.0,1223.86,9.625,236.812,148.347,54.972,2.5,24.4712,2.0,0.811247,1.10316,35.0,80.0
82,104,forecast,2025-11-24 00:37:00,-28.184,154.6937,51.1698,55.7681,8.68555,4.2217,49.6986,11400.0,1223.86,9.625,236.812,148.347,54.972,2.5,24.4712,2.0,0.811247,1.10316,35.0,80.0
83,107,history,2025-11-23 23:57:00,-27.8052,154.4226,48.7619,43.6981,9.8177,8.04269,87.1105,6959.0,1348.73,12.625,248.062,112.395,60.944,2.5,62.2548,3.0,2.46673,9.37101,35.0,100.0
84,108,history,2025-11-23 23:57:00,-28.6163,154.073,60.7222,54.3984,10.7298,5.47337,41.2955,11400.0,938.25,11.125,184.5,96.2308,59.488,2.5,36.372,3.0,1.31543,1.14358,35.0,80.0
85,108,history,2025-11-24 00:02:00,-28.5868,154.114,60.2908,54.3057,11.5206,5.6261,31.1625,11400.0,801.141,8.875,203.625,106.819,53.012,1.75,15.0886,2.0,0.410696,0.0,35.0,0.0
86,108,current,2025-11-24 00:07:00,-28.5616,154.1605,57.5542,55.6045,11.0254,5.4728,27.742,11400.0,614.25,7.375,189.562,102.375,51.84,3.25,12.6903,2.0,0.376842,0.0,35.0,0.0
87,108,forecast,2025-11-24 00:12:00,-28.5373,154.201,57.5542,55.6045,10.1433,5.03496,27.742,11400.0,614.25,7.375,189.562,102.375,51.84,3.25,12.6903,2.0,0.376842,0.0,35.0,0.0
88,108,forecast,2025-11-24 00:17:00,-28.5129,154.2415,57.5542,55.6045,9.17685,4.55523,27.742,11400.0,614.25,7.375,189.562,102.375,51.84,3.25,12.6903,2.0,0.376842,0.0,35.0,0.0
89,108,forecast,2025-11-24 00:22:00,-28.4885,154.282,57.5542,55.6045,8.09583,4.01863,27.742,11400.0,614.25,7.375,189.562,102.375,51.84,3.25,12.6903,2.0,0.376842,0.0,35.0,0.0
90,108,forecast,2025-11-24 00:27:00,-28.4641,154.3225,57.5542,55.6045,6.84619,3.39833,27.742,11400.0,614.25,7.375,189.562,102.375,51.84,3.25,12.6903,2.0,0.376842,0.0,35.0,0.0
91,108,forecast,2025-11-24 00:32:00,-28.4397,154.3629,57.5542,55.6045,5.3102,2.63589,27.742,11400.0,614.25,7.375,189.562,102.375,51.84,3.25,12.6903,2.0,0.376842,0.0,35.0,0.0
92,108,forecast,2025-11-24 00:37:00,-28.4152,154.4033,57.5542,55.6045,3.08644,1.53206,27.742,11400.0,614.25,7.375,189.562,102.375,51.84,3.25,12.6903,2.0,0.376842,0.0,35.0,0.0
93,109,history,2025-11-23 23:57:00,-27.8514,154.5805,47.7522,44.2498,5.58321,2.30899,176.142,11400.0,113.062,6.625,40.5,21.5357,48.568,3.25,6.47942,2.0,0.0933498,0.0,35.0,0.0
94,109,history,2025-11-24 00:02:00,-27.8535,154.6209,49.9952,50.4896,5.45105,1.21533,4.36936,11400.0,62.8594,6.625,20.8125,11.9732,43.156,4.75,4.13879,0.0,0.0,0.0,35.0,0.0
95,109,current,2025-11-24 00:07:00,-27.8395,154.6522,45.4318,61.271,5.07144,1.83588,3.62667,11400.0,105.047,6.625,29.25,20.0089,44.532,4.75,5.06469,0.0,0.0,0.0,35.0,0.0
96,109,forecast,2025-11-24 00:12:00,-27.8232,154.686,45.4318,61.271,4.91964,1.78093,3.62667,11400.0,105.047,6.625,29.25,20.0089,44.532,4.75,5.06469,0.0,0.0,0.0,35.0,0.0
97,109,forecast,2025-11-24 00:17:00,-27.8068,154.7197,45.4318,61.271,4.76301,1.72423,3.62667,11400.0,105.047,6.625,29.25,20.0089,44.532,4.75,5.06469,0.0,0.0,0.0,35.0,0.0
98,109,forecast,2025-11-24 00:22:00,-27.7904,154.7535,45.4318,61.271,4.60105,1.6656,3.62667,11400.0,105.047,6.625,29.25,20.0089,44.532,4.75,5.06469,0.0,0.0,0.0,35.0,0.0
99,109,forecast,2025-11-24 00:27:00,-27.774,154.7872,45.4318,61.271,4.43318,1.60483,3.62667,11400.0,105.047,6.625,29.25,20.0089,44.532,4.75,5.06469,0.0,0.0,0.0,35.0,0.0
100,109,forecast,2025-11-24 00:32:00,-27.7576,154.8209,45.4318,61.271,4.2587,1.54167,3.62667,11400.0,105.047,6.625,29.25,20.0089,44.532,4.75,5.06469,0.0,0.0,0.0,35.0,0.0
101,109,forecast,2025-11-24 00:37:00,-27.7412,154.8546,45.4318,61.271,4.07675,1.4758,3.62667,11400.0,105.047,6.625,29.25,20.0089,44.532,4.75,5.06469,0.0,0.0,0.0,35.0,0.0
102,114,history,2025-11-24 00:02:00,-27.7721,154.4451,49.0295,46.4947,10.1578,7.15648,51.3807,6705.0,1269.42,12.625,228.375,105.785,61.108,1.75,54.8186,3.0,2.14605,4.12951,35.0,90.0
103,114,current,2025-11-24 00:07:00,-27.7401,154.4641,44.7418,48.907,9.54831,7.2945,38.845,6705.0,1171.55,14.125,218.812,86.7812,61.584,1.75,57.516,3.0,2.25135,4.92994,35.0,100.0
104,114,forecast,2025-11-24 00:12:00,-27.718,154.4927,44.7418,48.907,9.34975,7.14282,38.845,6705.0,1171.55,14.125,218.812,86.7812,61.584,1.75,57.516,3.0,2.25135,4.92994,35.0,100.0
105,114,forecast,2025-11-24 00:17:00,-27.696,154.5212,44.7418,48.907,9.14689,6.98784,38.845,6705.0,1171.55,14.125,218.812,86.7812,61.584,1.75,57.516,3.0,2.25135,4.92994,35.0,100.0
106,114,forecast,2025-11-24 00:22:00,-27.6739,154.5497,44.7418,48.907,8.93942,6.82934,38.845,6705.0,1171.55,14.125,218.812,86.7812,61.584,1.75,57.516,3.0,2.25135,4.92994,35.0,100.0
107,114,forecast,2025-11-24 00:27:00,-27.6519,154.5782,44.7418,48.907,8.72702,6.66708,38.845,6705.0,1171.55,14.125,218.812,86.7812,61.584,1.75,57.516,3.0,2.25135,4.92994,35.0,100.0
108,114,forecast,2025-11-24 00:32:00,-27.6298,154.6067,44.7418,48.907,8.50932,6.50076,38.845,6705.0,1171.55,14.125,218.812,86.7812,61.584,1.75,57.516,3.0,2.25135,4.92994,35.0,100.0
109,114,forecast,2025-11-24 00:37:00,-27.6077,154.6352,44.7418,48.907,8.28591,6.33008,38.845,6705.0,1171.55,14.125,218.812,86.7812,61.584,1.75,57.516,3.0,2.25135,4.92994,35.0,100.0
110,115,history,2025-11-24 00:02:00,-27.7923,154.5608,48.0965,47.1058,3.75618,1.62071,9.17827,6541.0,50.2031,5.875,19.125,11.1562,46.324,3.25,5.4439,2.0,0.122609,0.0,35.0,0.0
111,78,history,2025-11-23 23:07:00,-27.7747,155.0967,50.057,51.3281,5.41653,1.15696,177.33,1500.0,62.0156,6.625,19.6875,13.7812,48.36,3.25,6.78057,2.0,0.166888,0.0,35.0,0.0
112,79,history,2025-11-23 23:07:00,-27.7477,155.1281,50.057,51.3281,5.47442,1.5045,3.51407,1500.0,62.4375,5.125,25.875,20.8125,43.488,2.5,2.7855,0.0,0.0,0.0,35.0,0.0
113,62,history,2025-11-23 23:07:00,-27.8328,154.8073,51.5529,48.155,3.9908,1.25623,13.2902,1500.0,46.8281,5.875,15.75,10.4062,49.056,2.5,6.46872,0.0,0.143699,0.0,35.0,0.0
114,85,history,2025-11-23 23:12:00,-27.7705,155.1969,0.0,0.0,5.36916,1.73408,4.65689,600.0,91.5469,7.375,29.25,17.4375,53.07,4.0,12.4475,2.0,0.387618,0.0,35.0,0.0
115,85,history,2025-11-23 23:17:00,-27.7464,155.2151,19.3477,34.6143,6.71313,1.38692,177.942,600.0,107.578,7.375,29.25,20.4911,60.334,2.5,32.7843,2.0,1.33749,0.329364,35.0,50.0
116,87,history,2025-11-23 23:17:00,-27.7433,155.2473,0.0,0.0,2.94195,1.21722,177.08,600.0,30.375,6.625,11.25,6.75,46.014,2.5,4.66667,2.0,0.0924352,0.0,35.0,0.0
117,87,history,2025-11-23 23:22:00,-27.7344,155.2536,6.97345,33.1019,5.25576,1.83963,13.0733,600.0,82.2656,5.875,30.375,21.9375,53.65,4.0,11.4151,2.0,0.365382,0.0,35.0,0.0
118,90,history,2025-11-23 23:27:00,-28.8213,154.0044,0.0,0.0,4.51413,0.95194,48.3716,600.0,40.5,6.625,13.5,7.71429,47.38,2.5,6.04338,0.0,0.109356,0.0,35.0,0.0
119,90,history,2025-11-23 23:32:00,-28.7957,154.0365,25.3593,48.0569,3.26573,1.6448,65.4598,600.0,51.0469,5.875,16.875,11.3438,44.88,2.5,4.1908,0.0,0.0,0.0,35.0,0.0
120,91,history,2025-11-23 23:27:00,-27.9576,154.7682,0.0,0.0,8.38892,2.1557,14.2134,900.0,224.859,9.625,56.8125,33.3125,57.588,4.75,21.5753,3.0,0.763836,0.998642,35.0,70.0
121,91,history,2025-11-23 23:32:00,-27.9263,154.8092,31.9609,49.9479,8.13891,3.29988,17.1848,900.0,273.797,8.875,84.375,52.1518,53.58,4.0,12.8489,2.0,0.404407,0.791964,35.0,60.0
122,91,history,2025-11-23 23:37:00,-27.8765,154.8474,54.1716,40.9344,5.35506,0.802453,5.44378,900.0,36.2812,7.375,13.5,9.675,46.62,4.0,4.48465,2.0,0.0983693,0.0,35.0,0.0
123,92,history,2025-11-23 23:32:00,-27.8288,154.7366,0.0,0.0,2.93216,1.64873,1.44897,8834.0,47.6719,6.625,15.1875,9.08036,41.052,1.75,3.25174,0.0,0.0,0.0,35.0,0.0
124,92,history,2025-11-23 23:37:00,-27.7937,154.7181,51.2031,27.878,3.70682,0.821145,5.95141,8834.0,35.4375,7.375,9.5625,5.90625,43.14,3.25,3.68257,0.0,0.0,0.0,35.0,0.0
125,92,history,2025-11-23 23:42:00,-27.7955,154.7052,44.6388,25.5848,5.67528,0.914921,12.334,8834.0,43.4531,5.875,16.3125,9.65625,40.356,3.25,2.68437,0.0,0.0,0.0,35.0,0.0
126,93,history,2025-11-23 23:37:00,-28.7121,154.1603,0.0,0.0,4.29908,1.24945,45.8938,9240.0,58.6406,6.625,16.875,11.1696,49.056,2.5,7.19107,2.0,0.165426,0.0,35.0,0.0
127,93,history,2025-11-23 23:42:00,-28.686,154.1989,28.4836,52.8954,4.01635,1.20366,42.7411,9240.0,46.4062,5.125,15.1875,12.375,43.452,1.75,3.42606,0.0,0.0,0.0,35.0,0.0
128,93,history,2025-11-23 23:47:00,-28.6564,154.247,53.0267,56.4438,3.55902,1.81111,38.5521,9240.0,59.4844,5.875,20.25,13.2188,44.454,1.75,3.84905,0.0,0.0,0.0,35.0,0.0
129,94,history,2025-11-23 23:37:00,-28.0421,154.4495,51.8672,37.5373,3.98448,1.07848,15.5399,9240.0,30.375,5.125,13.5,8.1,45.924,1.75,3.8665,0.0,0.0303641,0.0,35.0,0.0
130,94,history,2025-11-23 23:42:00,-28.0106,154.4851,46.0199,37.1688,4.22215,1.10258,13.1824,9240.0,32.0625,5.125,14.625,8.55,44.14,1.75,3.27609,0.0,0.0,0.0,35.0,0.0
131,95,history,2025-11-23 23:37:00,-27.8448,154.9099,51.2821,27.146,5.29665,3.1776,25.6084,2100.0,151.875,6.625,52.875,28.9286,51.84,4.0,10.0841,2.0,0.286694,0.0,35.0,0.0
132,95,history,2025-11-23 23:42:00,-27.8145,154.9457,29.2501,47.0463,7.33336,3.29612,29.6258,2100.0,233.297,6.625,75.9375,44.4375,57.556,4.0,16.4524,2.0,0.561255,0.0,35.0,0.0
133,95,history,2025-11-23 23:47:00,-27.7885,154.9792,41.4712,48.4034,8.31422,3.55332,23.2603,2100.0,282.234,6.625,92.8125,62.7188,55.056,2.5,11.6565,2.0,0.370302,0.0,35.0,0.0
134,95,history,2025-11-23 23:52:00,-27.7669,155.0164,53.8415,51.784,8.44121,3.41503,21.3363,2100.0,251.016,7.375,90.5625,47.8125,53.364,3.25,12.5751,2.0,0.384606,0.0,35.0,10.0
135,95,history,2025-11-23 23:57:00,-27.7637,155.0444,46.588,58.9033,8.12357,2.93141,20.2211,2100.0,273.375,8.125,74.8125,45.5625,59.852,4.0,29.5999,2.0,1.15492,0.266487,35.0,50.0
136,95,history,2025-11-24 00:02:00,-27.734,155.0806,46.2031,59.3348,8.52875,3.52693,11.3952,2100.0,361.125,8.125,94.5,60.1875,62.516,4.75,45.6966,3.0,1.99156,1.36787,35.0,60.0
137,95,current,2025-11-24 00:07:00,-27.7183,155.1151,46.4868,59.852,7.8044,4.01487,13.283,2100.0,366.188,9.625,98.4375,48.825,63.672,3.25,37.5621,2.0,1.59655,0.0,35.0,30.0
138,95,forecast,2025-11-24 00:12:00,-27.7008,155.1492,46.4868,59.852,8.14451,4.18984,13.283,2100.0,366.188,9.625,98.4375,48.825,63.672,3.25,37.5621,2.0,1.59655,0.0,35.0,30.0
139,95,forecast,2025-11-24 00:17:00,-27.6833,155.1832,46.4868,59.852,8.47098,4.35778,13.283,2100.0,366.188,9.625,98.4375,48.825,63.672,3.25,37.5621,2.0,1.59655,0.0,35.0,30.0
140,95,forecast,2025-11-24 00:22:00,-27.6658,155.2172,46.4868,59.852,8.78533,4.5195,13.283,2100.0,366.188,9.625,98.4375,48.825,63.672,3.25,37.5621,2.0,1.59655,0.0,35.0,30.0
141,95,forecast,2025-11-24 00:27:00,-27.6482,155.2512,46.4868,59.852,9.08881,4.67562,13.283,2100.0,366.188,9.625,98.4375,48.825,63.672,3.25,37.5621,2.0,1.59655,0.0,35.0,30.0
142,95,forecast,2025-11-24 00:32:00,-27.6307,155.2852,46.4868,59.852,9.38248,4.82669,13.283,2100.0,366.188,9.625,98.4375,48.825,63.672,3.25,37.5621,2.0,1.59655,0.0,35.0,30.0
143,95,forecast,2025-11-24 00:37:00,-27.6132,155.3191,46.4868,59.852,9.66723,4.97318,13.283,2100.0,366.188,9.625,98.4375,48.825,63.672,3.25,37.5621,2.0,1.59655,0.0,35.0,30.0
144,96,history,2025-11-23 23:37:00,-27.8027,154.7879,51.2062,27.4508,7.0156,3.08812,8.24332,8839.0,322.734,8.875,68.0625,43.0312,54.972,2.5,21.6018,2.0,0.709052,0.308879,35.0,50.0
145,96,history,2025-11-23 23:42:00,-27.7849,154.793,44.9256,23.6514,8.26971,5.15299,49.9177,8839.0,643.359,10.375,133.875,71.4844,56.868,1.75,34.2174,3.0,1.23876,2.47725,35.0,80.0
146,99,history,2025-11-23 23:47:00,-27.7986,154.7439,33.4055,34.3695,6.95924,2.03253,8.55696,3917.0,226.125,9.625,44.4375,27.4091,55.398,3.25,26.588,3.0,0.909971,1.76877,35.0,70.0
147,100,history,2025-11-23 23:47:00,-27.7548,154.8282,33.2246,33.3177,9.3579,4.84078,39.0332,1800.0,650.109,8.875,142.312,86.6813,59.844,2.5,32.6873,3.0,1.25525,0.672707,35.0,60.0
148,100,history,2025-11-23 23:52:00,-27.7317,154.8456,44.6896,37.7634,11.6192,5.31637,52.0966,1800.0,818.016,8.875,194.062,109.069,57.588,3.25,29.8798,3.0,1.10414,0.379879,35.0,60.0
149,100,history,2025-11-23 23:57:00,-27.709,154.8878,39.0908,43.5899,11.5953,5.68247,57.6831,1800.0,832.359,9.625,207.0,100.892,59.488,2.5,34.9138,3.0,1.30463,1.86785,35.0,60.0
150,100,history,2025-11-24 00:02:00,-27.6775,154.9248,49.7285,48.7445,11.8737,6.93658,47.7726,1800.0,939.094,8.875,258.75,125.213,57.588,3.25,34.5046,3.0,1.30532,2.1463,35.0,80.0
151,106,history,2025-11-23 23:52:00,-27.5227,154.9906,45.3458,34.0266,4.18171,2.14086,166.488,4896.0,61.1719,5.125,28.125,20.3906,43.86,2.5,2.65627,0.0,0.0,0.0,35.0,0.0
152,106,history,2025-11-23 23:57:00,-27.5628,154.9947,45.483,40.6976,3.50672,2.45083,157.105,4896.0,77.2031,5.875,27.0,20.5875,47.476,3.25,4.93671,2.0,0.110884,0.0,35.0,0.0
153,111,history,2025-11-23 23:57:00,-27.4821,155.023,45.6309,39.5125,3.51543,1.83357,13.5151,5128.0,42.1875,5.125,20.25,14.0625,43.472,2.5,2.62485,0.0,0.0,0.0,35.0,0.0
154,116,history,2025-11-24 00:02:00,-27.5414,155.0174,41.5961,47.5039,6.86346,4.61745,35.0865,4594.0,351.422,8.875,99.5625,52.0625,49.492,3.25,8.7068,2.0,0.184031,0.0,35.0,0.0
155,118,current,2025-11-24 00:07:00,-27.6479,154.9563,39.0922,52.7163,12.1112,6.88925,43.214,4441.0,1000.69,8.875,262.125,133.425,61.932,1.75,50.7826,3.0,2.15029,1.92296,35.0,60.0
156,118,forecast,2025-11-24 00:12:00,-27.6302,154.9826,39.0922,52.7163,12.5826,7.15743,43.214,4441.0,1000.69,8.875,262.125,133.425,61.932,1.75,50.7826,3.0,2.15029,1.92296,35.0,60.0
157,118,forecast,2025-11-24 00:17:00,-27.6124,155.0089,39.0922,52.7163,13.037,7.41591,43.214,4441.0,1000.69,8.875,262.125,133.425,61.932,1.75,50.7826,3.0,2.15029,1.92296,35.0,60.0
158,118,forecast,2025-11-24 00:22:00,-27.5947,155.0352,39.0922,52.7163,13.4761,7.66568,43.214,4441.0,1000.69,8.875,262.125,133.425,61.932,1.75,50.7826,3.0,2.15029,1.92296,35.0,60.0
159,118,forecast,2025-11-24 00:27:00,-27.5769,155.0615,39.0922,52.7163,13.9014,7.90757,43.214,4441.0,1000.69,8.875,262.125,133.425,61.932,1.75,50.7826,3.0,2.15029,1.92296,35.0,60.0
160,118,forecast,2025-11-24 00:32:00,-27.5591,155.0878,39.0922,52.7163,14.314,8.14228,43.214,4441.0,1000.69,8.875,262.125,133.425,61.932,1.75,50.7826,3.0,2.15029,1.92296,35.0,60.0
161,118,forecast,2025-11-24 00:37:00,-27.5414,155.114,39.0922,52.7163,14.715,8.3704,43.214,4441.0,1000.69,8.875,262.125,133.425,61.932,1.75,50.7826,3.0,2.15029,1.92296,35.0,60.0
162,119,current,2025-11-24 00:07:00,-27.5211,155.0502,35.9945,53.1754,7.34789,4.53235,40.4991,4297.0,323.578,7.375,104.625,61.6339,56.364,2.5,16.7725,2.0,0.577347,0.0,35.0,0.0
163,119,forecast,2025-11-24 00:12:00,-27.505,155.0746,35.9945,53.1754,8.0697,4.97758,40.4991,4297.0,323.578,7.375,104.625,61.6339,56.364,2.5,16.7725,2.0,0.577347,0.0,35.0,0.0
164,119,forecast,2025-11-24 00:17:00,-27.4888,155.0989,35.9945,53.1754,8.73205,5.38613,40.4991,4297.0,323.578,7.375,104.625,61.6339,56.364,2.5,16.7725,2.0,0.577347,0.0,35.0,0.0
165,119,forecast,2025-11-24 00:22:00,-27.4726,155.1233,35.9945,53.1754,9.34758,5.7658,40.4991,4297.0,323.578,7.375,104.625,61.6339,56.364,2.5,16.7725,2.0,0.577347,0.0,35.0,0.0
166,119,forecast,2025-11-24 00:27:00,-27.4564,155.1476,35.9945,53.1754,9.92502,6.12198,40.4991,4297.0,323.578,7.375,104.625,61.6339,56.364,2.5,16.7725,2.0,0.577347,0.0,35.0,0.0
167,119,forecast,2025-11-24 00:32:00,-27.4402,155.1719,35.9945,53.1754,10.4707,6.45854,40.4991,4297.0,323.578,7.375,104.625,61.6339,56.364,2.5,16.7725,2.0,0.577347,0.0,35.0,0.0
168,119,forecast,2025-11-24 00:37:00,-27.424,155.1962,35.9945,53.1754,10.9892,6.77841,40.4991,4297.0,323.578,7.375,104.625,61.6339,56.364,2.5,16.7725,2.0,0.577347,0.0,35.0,0.0
169,101,history,2025-11-23 23:47:00,-27.6048,155.0567,34.5592,31.2251,9.65122,2.98687,169.605,900.0,257.344,6.625,90.5625,57.1875,49.926,2.5,7.54259,2.0,0.204855,0.0,35.0,0.0
170,101,history,2025-11-23 23:52:00,-27.5599,155.095,45.2092,34.7032,10.5004,4.41637,171.787,900.0,505.828,6.625,145.688,112.406,54.068,3.25,11.8389,2.0,0.361003,0.0,35.0,0.0
171,101,history,2025-11-23 23:57:00,-27.5313,155.1359,50.441,45.1808,11.1121,5.01115,1.54968,900.0,530.719,6.625,174.938,117.938,50.024,3.25,7.55126,2.0,0.206889,0.0,35.0,0.0
172,112,history,2025-11-23 23:57:00,-27.4693,155.2232,45.3548,39.9545,2.74975,1.62787,125.006,4707.0,33.3281,5.125,14.0625,11.1094,39.468,4.0,1.68103,0.0,0.0,0.0,35.0,0.0
173,117,history,2025-11-24 00:02:00,-27.4964,155.1723,41.6023,47.2402,10.9423,4.56529,15.6924,4368.0,442.547,5.875,156.938,118.012,43.508,2.5,3.30199,0.0,0.0,0.0,35.0,0.0
174,121,current,2025-11-24 00:07:00,-27.5528,155.1761,36.4484,53.9115,4.14533,1.59814,9.40994,4012.0,44.2969,4.375,20.8125,19.6875,41.4,4.0,1.79662,0.0,0.0,0.0,35.0,0.0
175,121,forecast,2025-11-24 00:12:00,-27.5367,155.201,36.4484,53.9115,2.93542,1.13169,9.40994,4012.0,44.2969,4.375,20.8125,19.6875,41.4,4.0,1.79662,0.0,0.0,0.0,35.0,0.0
176,121,forecast,2025-11-24 00:17:00,-27.5206,155.2259,36.4484,53.9115,0.90865,0.350311,9.40994,4012.0,44.2969,4.375,20.8125,19.6875,41.4,4.0,1.79662,0.0,0.0,0.0,35.0,0.0
177,121,forecast,2025-11-24 00:22:00,-27.5045,155.2508,36.4484,53.9115,0.90865,0.350311,9.40994,4012.0,44.2969,4.375,20.8125,19.6875,41.4,4.0,1.79662,0.0,0.0,0.0,35.0,0.0
178,121,forecast,2025-11-24 00:27:00,-27.4884,155.2757,36.4484,53.9115,0.90865,0.350311,9.40994,4012.0,44.2969,4.375,20.8125,19.6875,41.4,4.0,1.79662,0.0,0.0,0.0,35.0,0.0
179,121,forecast,2025-11-24 00:32:00,-27.4723,155.3005,36.4484,53.9115,0.90865,0.350311,9.40994,4012.0,44.2969,4.375,20.8125,19.6875,41.4,4.0,1.79662,0.0,0.0,0.0,35.0,0.0
180,121,forecast,2025-11-24 00:37:00,-27.4562,155.3254,36.4484,53.9115,0.90865,0.350311,9.40994,4012.0,44.2969,4.375,20.8125,19.6875,41.4,4.0,1.79662,0.0,0.0,0.0,35.0,0.0
181,122,current,2025-11-24 00:07:00,-27.4281,155.2241,47.7622,53.4203,2.79668,1.7286,157.134,1500.0,30.375,4.375,15.1875,13.5,38.616,4.0,1.20924,0.0,0.0,0.0,35.0,0.0
182,122,forecast,2025-11-24 00:12:00,-27.4068,155.2565,47.7622,53.4203,1.75991,1.08778,157.134,1500.0,30.375,4.375,15.1875,13.5,38.616,4.0,1.20924,0.0,0.0,0.0,35.0,0.0
183,122,forecast,2025-11-24 00:17:00,-27.3854,155.2889,47.7622,53.4203,0.717629,0.443558,157.134,1500.0,30.375,4.375,15.1875,13.5,38.616,4.0,1.20924,0.0,0.0,0.0,35.0,0.0
184,122,forecast,2025-11-24 00:22:00,-27.3641,155.3212,47.7622,53.4203,0.717629,0.443558,157.134,1500.0,30.375,4.375,15.1875,13.5,38.616,4.0,1.20924,0.0,0.0,0.0,35.0,0.0
185,122,forecast,2025-11-24 00:27:00,-27.3427,155.3536,47.7622,53.4203,0.717629,0.443558,157.134,1500.0,30.375,4.375,15.1875,13.5,38.616,4.0,1.20924,0.0,0.0,0.0,35.0,0.0
186,122,forecast,2025-11-24 00:32:00,-27.3214,155.3859,47.7622,53.4203,0.717629,0.443558,157.134,1500.0,30.375,4.375,15.1875,13.5,38.616,4.0,1.20924,0.0,0.0,0.0,35.0,0.0
187,122,forecast,2025-11-24 00:37:00,-27.3,155.4182,47.7622,53.4203,0.717629,0.443558,157.134,1500.0,30.375,4.375,15.1875,13.5,38.616,4.0,1.20924,0.0,0.0,0.0,35.0,0.0
188,102,history,2025-11-23 23:47:00,-27.9281,154.6804,34.5233,37.5192,5.10339,1.5788,13.8937,5112.0,75.0938,7.375,25.3125,16.6875,43.086,4.75,3.46131,0.0,0.0,0.0,35.0,0.0
189,102,history,2025-11-23 23:52:00,-27.8829,154.712,46.0324,41.5111,8.83464,2.26987,11.7703,5112.0,207.141,7.375,63.0,34.5234,48.084,3.25,7.21117,2.0,0.158326,0.0,35.0,0.0
190,102,history,2025-11-23 23:57:00,-27.8783,154.7342,32.9344,46.1256,7.84386,2.71638,7.19943,5112.0,262.828,7.375,66.9375,43.8047,48.932,4.75,10.0329,2.0,0.247605,0.0,35.0,0.0
191,102,history,2025-11-24 00:02:00,-27.8437,154.7697,46.6544,48.5457,9.70807,3.04315,4.4788,5112.0,373.359,8.875,92.8125,49.7812,52.66,2.5,16.3801,2.0,0.496924,0.11858,35.0,40.0
192,102,current,2025-11-24 00:07:00,-27.8115,154.808,42.3034,52.3919,12.6387,3.49918,6.43314,5112.0,606.234,8.875,138.938,80.8313,52.884,1.75,18.8472,2.0,0.580898,0.310848,35.0,50.0
193,102,forecast,2025-11-24 00:12:00,-27.7921,154.8364,42.3034,52.3919,13.6098,3.76801,6.43314,5112.0,606.234,8.875,138.938,80.8313,52.884,1.75,18.8472,2.0,0.580898,0.310848,35.0,50.0
194,102,forecast,2025-11-24 00:17:00,-27.7728,154.8648,42.3034,52.3919,14.516,4.01891,6.43314,5112.0,606.234,8.875,138.938,80.8313,52.884,1.75,18.8472,2.0,0.580898,0.310848,35.0,50.0
195,102,forecast,2025-11-24 00:22:00,-27.7534,154.8931,42.3034,52.3919,15.3688,4.25503,6.43314,5112.0,606.234,8.875,138.938,80.8313,52.884,1.75,18.8472,2.0,0.580898,0.310848,35.0,50.0
196,102,forecast,2025-11-24 00:27:00,-27.734,154.9215,42.3034,52.3919,16.1768,4.47872,6.43314,5112.0,606.234,8.875,138.938,80.8313,52.884,1.75,18.8472,2.0,0.580898,0.310848,35.0,50.0
197,102,forecast,2025-11-24 00:32:00,-27.7147,154.9498,42.3034,52.3919,16.9463,4.69177,6.43314,5112.0,606.234,8.875,138.938,80.8313,52.884,1.75,18.8472,2.0,0.580898,0.310848,35.0,50.0
198,102,forecast,2025-11-24 00:37:00,-27.6953,154.9782,42.3034,52.3919,17.6823,4.89554,6.43314,5112.0,606.234,8.875,138.938,80.8313,52.884,1.75,18.8472,2.0,0.580898,0.310848,35.0,50.0
199,105,history,2025-11-23 23:52:00,-27.7586,155.1482,44.9296,37.6552,4.43861,1.81526,8.1259,4519.0,75.9375,5.875,25.3125,20.25,46.324,3.25,4.87139,2.0,0.122508,0.0,35.0,0.0
200,120,current,2025-11-24 00:07:00,-27.6855,155.2452,37.4596,55.6043,5.70998,1.72465,14.5309,3654.0,77.2031,5.125,30.9375,25.7344,41.052,2.5,2.1314,0.0,0.0,0.0,35.0,0.0
201,120,forecast,2025-11-24 00:12:00,-27.6696,155.2713,37.4596,55.6043,5.70998,1.72465,14.5309,3654.0,77.2031,5.125,30.9375,25.7344,41.052,2.5,2.1314,0.0,0.0,0.0,35.0,0.0
202,120,forecast,2025-11-24 00:17:00,-27.6538,155.2975,37.4596,55.6043,5.70998,1.72465,14.5309,3654.0,77.2031,5.125,30.9375,25.7344,41.052,2.5,2.1314,0.0,0.0,0.0,35.0,0.0
203,120,forecast,2025-11-24 00:22:00,-27.6379,155.3236,37.4596,55.6043,5.70998,1.72465,14.5309,3654.0,77.2031,5.125,30.9375,25.7344,41.052,2.5,2.1314,0.0,0.0,0.0,35.0,0.0
204,120,forecast,2025-11-24 00:27:00,-27.622,155.3498,37.4596,55.6043,5.70998,1.72465,14.5309,3654.0,77.2031,5.125,30.9375,25.7344,41.052,2.5,2.1314,0.0,0.0,0.0,35.0,0.0
205,120,forecast,2025-11-24 00:32:00,-27.6062,155.3759,37.4596,55.6043,5.70998,1.72465,14.5309,3654.0,77.2031,5.125,30.9375,25.7344,41.052,2.5,2.1314,0.0,0.0,0.0,35.0,0.0
206,120,forecast,2025-11-24 00:37:00,-27.5903,155.402,37.4596,55.6043,5.70998,1.72465,14.5309,3654.0,77.2031,5.125,30.9375,25.7344,41.052,2.5,2.1314,0.0,0.0,0.0,35.0,0.0
